video_id,title,genre,genre_secondary
15692556471022,Hora de Aventura: Con Fionna y Cake,Animación,
15692993268462,Un show más,Animación,
15692132518638,Hora de Aventura,Animación,
15693794446062,Chowder,Animación,
15648010144494,Love Death & Robots,UNCLASSIFIED,
15618500987630,Crows Zero,UNCLASSIFIED,
15635260508910,Heidi,UNCLASSIFIED,
15649028639470,Blue Spring,UNCLASSIFIED,
15633347906286,"Babe, el puerquito valiente",UNCLASSIFIED,
15626106112750,El final de la Calle Oak,UNCLASSIFIED,
15624533641966,Tierra de pesadillas,UNCLASSIFIED,
15606811134702,La gran aventura LEGO,UNCLASSIFIED,
15606412217070,Ghost in the Shell: vigilante del futuro,UNCLASSIFIED,
15605367114478,Spider-Man: A través del Spider-Verso,Superhéroes,Acción
15591096912622,Las sombrías aventuras de Billy y Mandy,Animación,
15413314587374,"Coraje, el perro cobarde",Animación,
15574291843822,Los Simpsons,UNCLASSIFIED,
15585783581422,Las Chicas Superpoderosas,Animación,
15584824789742,Futurama,UNCLASSIFIED,
15585125141230,Rick y Morty,Animación,
15574281423598,Oliver y su pandilla,UNCLASSIFIED,
15572322618094,La Dama y el Vagabundo,UNCLASSIFIED,
15572268288750,Bernardo y bianca,UNCLASSIFIED,
15554668923630,Aladdín,Animación,
15555081013998,Zootopia 2,Animación,
15545912593134,"Jack, el cazagigantes",UNCLASSIFIED,
15544357030638,Hoppers: Operación castor,Animación,
15540604701422,Chowder,Animación,
15532419844846,Batman: Knightfall Part 1: Knightfall,Superhéroes,Acción
15531879107310,LEGO Star Wars: The Mandalorian,UNCLASSIFIED,
15529764522734,Primal,UNCLASSIFIED,
15523563768558,Las maravillosas desventuras de Flapjack,Animación,
15523712797422,Hora de Aventura,Animación,
15524323199726,Los jóvenes titanes,Superhéroes,Acción
15523042888430,Mushka,UNCLASSIFIED,
15521013959406,Haibane Renmei,UNCLASSIFIED,
15512146348782,Aika,UNCLASSIFIED,
15509235895022,Riki-Oh OVA 1 y 2,UNCLASSIFIED,
15508667763438,Plastic Little,UNCLASSIFIED,
15502026410734,Yu-Gi-Oh!,UNCLASSIFIED,
15500152408814,Smallville,Superhéroes,Acción
15500652120814,Malcolm el de en medio,UNCLASSIFIED,
15490264337134,Un viernes de locos,UNCLASSIFIED,
15470326975214,Un show más,Animación,
15470353386222,Samurai Jack,Animación,
15469616696046,Soul,Animación,
15464558037742,Desert Punk,UNCLASSIFIED,
15463118015214,Primal,UNCLASSIFIED,
15413314783982,"Coraje, el perro cobarde",Animación,
15457245793006,Futurama,UNCLASSIFIED,
15456175262446,Los Simpsons,UNCLASSIFIED,
15458056604398,Bob Esponja,Animación,
15457900694254,South Park,UNCLASSIFIED,
15454942202606,Batman Azteca: Choque de imperios,Superhéroes,Acción
15452894399214,Batman: Knightfall Part 1: Knightfall,Superhéroes,Acción
15341412682478,Kirikú y los hombres y las mujeres,UNCLASSIFIED,
15368203340526,Dead Space: Aftermath,UNCLASSIFIED,
15358336174830,"Sabrina, la Bruja Adolescente",UNCLASSIFIED,
15443061574382,"Ángel, la niña de las flores",UNCLASSIFIED,
15341104007918,El valle de los dinosaurios,UNCLASSIFIED,
15446472723182,Kung Fu Panda,Animación,
15445497809646,Flow,UNCLASSIFIED,
15437443697390,La era de hielo,UNCLASSIFIED,
15435981458158,Enredados,Animación,
15436367268590,Gato con botas: el último deseo,Animación,
15434395880174,Spider-Man: un nuevo universo,Superhéroes,Acción
15417835457262,KND: los chicos del barrio,Animación,
15415903783662,Dragon Ball,UNCLASSIFIED,
15411794873070,Aaahh!!! Monstruos de verdad,Animación,
15415264676590,Dragon Ball,UNCLASSIFIED,
15383567731438,La Casa Búho,Animación,
15402547940078,Bichos: una aventura en miniatura,Animación,
15340587125486,Mini espías 3D: Se Acabó El Juego,UNCLASSIFIED,
15400602241774,"Coraje, el perro cobarde",Animación,
15394941504238,Primal,UNCLASSIFIED,
15385316035310,Rick y Morty,Animación,
15375329725166,Padre de familia,UNCLASSIFIED,
15374595394286,Los Simpsons,UNCLASSIFIED,
15374451346158,South Park,UNCLASSIFIED,
15363244952302,Las Chicas Superpoderosas,Animación,
15363092056814,Futurama,UNCLASSIFIED,
15362912094958,Los jóvenes titanes,Superhéroes,Acción
15360358681326,Phineas y Ferb,Animación,
15359207279342,Gravity Falls,Animación,
15359444126446,Star vs. las fuerzas del mal,UNCLASSIFIED,
15354177129198,Cars,Animación,
15352614750958,"Monsters, Inc.",Animación,
15351529802478,Tarzán,Animación,
15348597132014,Toy Story 5,Animación,
15346820188910,Una película de huevos,UNCLASSIFIED,
15335657376494,Mini espías 2: la isla de los sueños perdidos,UNCLASSIFIED,
15332143860462,Mini Espías,UNCLASSIFIED,
15328891308782,Las aventuras de Sharkboy y Lavagirl,UNCLASSIFIED,
15320606575342,Megamente,Animación,
15320781818606,WALL·E,Animación,
15320977443566,El rey león,Animación,
15321269668590,Buscando a Nemo,Animación,
15319979330286,Happy feet: El pingüino,UNCLASSIFIED,
15307806280430,Minions & monstruos,UNCLASSIFIED,
15299830287086,Looney Tunes - El correcaminos,UNCLASSIFIED,
15298384628462,Star Wars: Visions,UNCLASSIFIED,
15288137026286,Space Jam,UNCLASSIFIED,
15275048635118,Star Wars Visions Presenta: la novena Jedi,UNCLASSIFIED,
15288598072046,Hércules,Animación,
15261832710894,Alicia en el país de las maravillas,UNCLASSIFIED,
15252720388846,Guardianes de la justicia,UNCLASSIFIED,
15246590085870,Cómo entrenar a tu dragón,UNCLASSIFIED,
15244637506286,"Mickey, Donald, Goofy Los tres mosqueteros",UNCLASSIFIED,
15240430160622,El jorobado de Notre Dame,UNCLASSIFIED,
15224681859822,Más allá del jardín,UNCLASSIFIED,
15235336964846,Ant Bully: Las aventuras de Lucas,UNCLASSIFIED,
15224354966254,Matilda,UNCLASSIFIED,
15222486272750,Toy Story,Animación,
10988516936430,Zootopia,Animación,
15213099879150,Spawn,UNCLASSIFIED,
10344538311406,Pollitos en fuga,Animación,
15217794419438,Lo que el agua se llevó,UNCLASSIFIED,
15182377716462,When black birds fly,UNCLASSIFIED,
15202787527406,Gravity Falls,Animación,
15202028948206,Sailor Moon R,UNCLASSIFIED,
15178742827758,"Love, Death & Robots",UNCLASSIFIED,
15170975369966,Arcane,UNCLASSIFIED,
15171309669102,Charlie y la fábrica de chocolate,UNCLASSIFIED,
15154740005614,Herbie a toda marcha,UNCLASSIFIED,
15156279315182,Peter Pan,UNCLASSIFIED,
15145557953262,Sangre de Zeus,UNCLASSIFIED,
15153776757486,Demon Slayer: el castillo infinito,UNCLASSIFIED,
15147680467694,Juego de gemelas,UNCLASSIFIED,
15147417930478,Sangre de Zeus,UNCLASSIFIED,
15127466805998,Meteoro,UNCLASSIFIED,
15083405511406,Amos del universo,UNCLASSIFIED,
15125968980718,Este mundo no me hará mala persona,UNCLASSIFIED,
15126913354478,Cortar por la línea de puntos,UNCLASSIFIED,
15121497787118,Frankenweenie,UNCLASSIFIED,
15124363610862,Ratones y zorros: una amistad de otro mundo,UNCLASSIFIED,
15123877137134,Flåklypa Grand Prix,UNCLASSIFIED,
15122509662958,Rally from Paris to the Pyramids,UNCLASSIFIED,
15122857921262,Racing stripes,UNCLASSIFIED,
10368577440494,La telaraña de Charlotte,UNCLASSIFIED,
15121740860142,Star vs. las fuerzas del mal,UNCLASSIFIED,
15110859721454,Supergirl,Superhéroes,Acción
15103519689454,Avatar Aang: el último maestro del aire,UNCLASSIFIED,
15103908580078,Smallville,Superhéroes,Acción
15095215753966,Nocturna una aventura mágica,UNCLASSIFIED,
15094184413934,La vida de Calabacín,UNCLASSIFIED,
15098717997806,Stripperella,UNCLASSIFIED,
15070704241390,El extraño mundo de Jack,UNCLASSIFIED,
15065638439662,Tierra de osos,Animación,
15059993234158,Bambi,Animación,
15048780942062,El príncipe de Egipto,UNCLASSIFIED,
10074531302126,Todos los perros van al cielo,UNCLASSIFIED,
10176179735278,Ghost in the Shell,UNCLASSIFIED,
14028924390126,Cool World - El mundo de Holli,UNCLASSIFIED,
13991914769134,Super Mario Galaxy,UNCLASSIFIED,
10070526593774,Depredador: Cazador de Asesinos,UNCLASSIFIED,
15031623879406,Llegaron los Meñiques,UNCLASSIFIED,
15039100553966,Hair Love,UNCLASSIFIED,
15031623748334,Regue chicken,UNCLASSIFIED,
15039100488430,Gallo Badass,UNCLASSIFIED,
15037455600366,Mars,UNCLASSIFIED,
12356596992750,Las locuras del emperador,Animación,
14992225798894,Pequeña Diabla,UNCLASSIFIED,
14980175432430,Agente Elvis,UNCLASSIFIED,
14976664406766,Todd and the Book of Pure Evil: The End of the End,UNCLASSIFIED,
14979859286766,Inspector Willoughby,UNCLASSIFIED,
14107688438510,La Animatrix,UNCLASSIFIED,
12257566984942,Alicia en el país de las maravillas,Animación,
10426038487790,El Expreso Polar,UNCLASSIFIED,
10025084259054,Valiente,Animación,
10025626897134,Tarzán,Animación,
14944453397230,Spawn,UNCLASSIFIED,
14945269189358,Where the Dead Go to Die,UNCLASSIFIED,
14934961883886,Planeta de recolectores,UNCLASSIFIED,
14917879925486,We Are The Strange,UNCLASSIFIED,
14917120625390,The girl from the other side,UNCLASSIFIED,
14911893015278,Guía Headspace para la meditación,UNCLASSIFIED,
14905622465262,Star vs. las fuerzas del mal,UNCLASSIFIED,
14876070382318,Soy Frankelda,UNCLASSIFIED,
14876070447854,Aachi & Ssipak,UNCLASSIFIED,
14863541996270,Dragon Ball,UNCLASSIFIED,
14844287650542,Peepoodo,UNCLASSIFIED,
14844287519470,Todos los otakus van al paraíso del anime,UNCLASSIFIED,
14824011926254,"Maquia, una historia de amor eterno",UNCLASSIFIED,
14807585458926,Riding Shotgun,UNCLASSIFIED,
14817831815918,Once Upon A Girl,UNCLASSIFIED,
14815886838510,Crisis jung,UNCLASSIFIED,
14815886904046,ichi the Killer: Episode 0,UNCLASSIFIED,
14803663719150,El perfume del invisible,UNCLASSIFIED,
14795303029486,Trials for Miles,UNCLASSIFIED,
14803651070702,Opal,UNCLASSIFIED,
14788479421166,Blancanieves: Segunda parte,UNCLASSIFIED,
14788479879918,La frecuencia Kirlian,UNCLASSIFIED,
14788479486702,Frank & Wendy,UNCLASSIFIED,
14788479748846,"Wood & Stock: Sexo, Orégano e Rock'n'Roll",UNCLASSIFIED,
14769365125870,Los perros de la plaga,UNCLASSIFIED,
14769364798190,Amos del universo,UNCLASSIFIED,
14769365453550,Felidae,UNCLASSIFIED,
14469645994734,Among Us,UNCLASSIFIED,
14763324803822,"Love, Death & Robots",UNCLASSIFIED,
14764592466670,Revengeance,UNCLASSIFIED,
14762466151150,Hayop Ka! You Animal,UNCLASSIFIED,
14762466085614,Lascars,UNCLASSIFIED,
14747937868526,Arcane,UNCLASSIFIED,
14747937737454,FernGully: Las aventuras de Zak y Crysta,UNCLASSIFIED,
14747937671918,George the Hedgehog,UNCLASSIFIED,
14747937802990,Warhammer: Hammer and Bolter,UNCLASSIFIED,
14733364169454,The Five Star Stories,UNCLASSIFIED,
14718117874414,Night Warriors: Darkstalkers' Revenge,UNCLASSIFIED,
14718117808878,George de la Jungla,UNCLASSIFIED,
14718117677806,Dragon Ball Z: La batalla de Freezer contra el padre de Goku,UNCLASSIFIED,
14705474603758,Dragon Ball: Una Aventura Mística,UNCLASSIFIED,
14705474734830,Dallos,UNCLASSIFIED,
14705474276078,El rey y el ruiseñor,UNCLASSIFIED,
14706545986286,Los misteriosos cuentos del manzano,UNCLASSIFIED,
14706742135534,Dragon Ball: La Princesa durmiente del castillo embrujado,UNCLASSIFIED,
14705474407150,Dragon Ball: La Leyenda de Shenron,UNCLASSIFIED,
14698190146286,La Leyenda de Hei 2,UNCLASSIFIED,
14698189949678,El gran cuento de los osos,UNCLASSIFIED,
14698391145198,The Witcher: Sirenas de las profundidades,UNCLASSIFIED,
14698337667822,The Witcher: La pesadilla del lobo,UNCLASSIFIED,
14697675361006,Las Ovejas Detectives,UNCLASSIFIED,
14690918796014,Dragon Ball,UNCLASSIFIED,
14681670748910,Ranma ½,UNCLASSIFIED,
14677121633006,Dragon Ball,UNCLASSIFIED,
14656001411822,Ergo Proxy,UNCLASSIFIED,
14623440833262,Another,UNCLASSIFIED,
14648125164270,Toradora!,UNCLASSIFIED,
14641539058414,Yu-Gi-Oh!,UNCLASSIFIED,
14633741060846,Sailor Moon,UNCLASSIFIED,
14626241710830,Ranma ½,UNCLASSIFIED,
14618323258094,Heroman,UNCLASSIFIED,
14566497979118,Este chico atrapó a un tritón,UNCLASSIFIED,
14593844644590,Genius Party Beyond,UNCLASSIFIED,
14593844710126,Genius Party,UNCLASSIFIED,
14600894483182,Sakura Card Captor,UNCLASSIFIED,
14606282525422,Star vs. las fuerzas del mal,UNCLASSIFIED,
14594755791598,Pucca,UNCLASSIFIED,
14550802565870,Storm Rider: Clash of the Evils,UNCLASSIFIED,
14589457468142,Owari no Seraph,UNCLASSIFIED,
14573763234542,The Runaway Bunny,UNCLASSIFIED,
14566497913582,El Grúfalo,UNCLASSIFIED,
14548251904750,Room on the Broom,UNCLASSIFIED,
14577069132526,El pecado original de Takopi,UNCLASSIFIED,
14566237473518,"Megazone 23 Parte I, II y III",UNCLASSIFIED,
14566238915310,Under the Dog,UNCLASSIFIED,
14565830626030,Invincible,UNCLASSIFIED,
14565469981422,Invincible,UNCLASSIFIED,
14543955299054,GTO: Great Teacher Onizuka,UNCLASSIFIED,
14547379030766,Los niños de la lluvia,UNCLASSIFIED,
14545507322606,El día de los cuervos,UNCLASSIFIED,
14528670468846,Kill la Kill,UNCLASSIFIED,
14537217215214,Akame ga Kill!,UNCLASSIFIED,
14528670665454,La Leyenda de Hei,UNCLASSIFIED,
14517396572910,Sinbad: la leyenda de los siete mares,UNCLASSIFIED,
14521522129646,101 Dálmatas,UNCLASSIFIED,
14520442358510,El Lórax,UNCLASSIFIED,
14513146563310,Suisei no Gargantia,UNCLASSIFIED,
14513146497774,Prison School,UNCLASSIFIED,
14495178164974,High School DxD,UNCLASSIFIED,
14495178099438,Air Gear,UNCLASSIFIED,
14455971187438,El león no es como lo pintan,UNCLASSIFIED,
14480387672814,Darling in the FranXX,UNCLASSIFIED,
14450705173230,Blue Gender,UNCLASSIFIED,
14435538832110,Nanny McPhee La nana mágica,UNCLASSIFIED,
14435538766574,Dave el Bárbaro,UNCLASSIFIED,
14427422067438,Milky☆Subway: The Galactic Limited Express,UNCLASSIFIED,
14427084557038,The Amazing Digital Circus: El último acto,UNCLASSIFIED,
14420369935086,Jimmy Neutrón: El niño genio,UNCLASSIFIED,
14400712542958,Pucca,UNCLASSIFIED,
14406783929070,El caldero mágico,UNCLASSIFIED,
14398744169198,Los Caballeros del Zodiaco,UNCLASSIFIED,
14376534149870,Los años pantanosos de Kermit,UNCLASSIFIED,
14384151792366,Tetsuwan Birdy: Decode,UNCLASSIFIED,
14368310364910,Mighty Space Miners,UNCLASSIFIED,
14368047696622,Casper y la mágica Wendy,UNCLASSIFIED,
14365096807150,Grey: Objetivo Digital,UNCLASSIFIED,
14364448393966,Vampire Wars,UNCLASSIFIED,
14353957718766,Film noir,UNCLASSIFIED,
14346295446254,Sol Bianca,UNCLASSIFIED,
14349054511854,Dokuro-Chan,UNCLASSIFIED,
14346295315182,Air Master,UNCLASSIFIED,
14328363027182,Kenichi: El discípulo más fuerte,UNCLASSIFIED,
14287646231278,Oruchuban Ebichu,UNCLASSIFIED,
14285478497006,Planeta desconocido,UNCLASSIFIED,
14270841162478,Invincible,UNCLASSIFIED,
14263813278446,La Tragedia del Hombre,UNCLASSIFIED,
14271154096878,Full Metal Panic? Fumoffu,UNCLASSIFIED,
14232022420206,Trigun,UNCLASSIFIED,
14221922732782,Cowboy Bebop,UNCLASSIFIED,
14208264768238,Digimon Adventure,UNCLASSIFIED,
14207044487918,Marte necesita mamás,UNCLASSIFIED,
14173354658542,Invincible,UNCLASSIFIED,
14168366451438,City Hunters,UNCLASSIFIED,
14156500503278,Clockwork Girl Virgin Punk,UNCLASSIFIED,
14153651391214,Realm of the Damned,UNCLASSIFIED,
14152965688046,Tales of the Dim,UNCLASSIFIED,
14151329909486,Omega 1,UNCLASSIFIED,
14139928873710,Malcolm el de en medio,UNCLASSIFIED,
14122743827182,Tinker Bell: Hadas al rescate,UNCLASSIFIED,
14124208425710,Rebelión en la granja,UNCLASSIFIED,
14108791147246,Pet Shop of Horrors,UNCLASSIFIED,
14105500453614,Peter Pan 2: en Regreso al país de Nunca Jamás,UNCLASSIFIED,
14103356902126,Tinker Bell y el Tesoro Perdido,UNCLASSIFIED,
14099147262702,Tinker Bell,UNCLASSIFIED,
14099150801646,El Zorro y el Sabueso,UNCLASSIFIED,
14087343114990,Las aventuras de Tintín,UNCLASSIFIED,
14087348685550,Jim y el durazno gigante,UNCLASSIFIED,
14070562818798,El Club de Los Villanos,UNCLASSIFIED,
14068325878510,La Navidad Mágica de Mickey,UNCLASSIFIED,
14059041000174,Malcolm el de en medio,UNCLASSIFIED,
14057793784558,Smallville,Superhéroes,Acción
14050724416238,El patito feo,UNCLASSIFIED,
14044119894766,Fantasia,UNCLASSIFIED,
14042121374446,Van Helsing: Misión en Londres,UNCLASSIFIED,
14029381831406,Death Note,UNCLASSIFIED,
14021643406062,Fantasia 2000,UNCLASSIFIED,
14015139416814,Los Años Luz Gandahar,UNCLASSIFIED,
14015356013294,Arco,UNCLASSIFIED,
14014346234606,4mélie y los secretos de la lluvia,UNCLASSIFIED,
13991002114798,Intercambiados,UNCLASSIFIED,
14000021506798,Sentenced to Be a Hero,UNCLASSIFIED,
13982985816814,La cabra que cambió el juego: goat,UNCLASSIFIED,
13956437183214,A.X.L.,UNCLASSIFIED,
13959667649262,El libro de la vida,UNCLASSIFIED,
13955902212846,Érase una Vez un Bosque,UNCLASSIFIED,
13957610539758,The Maxx,UNCLASSIFIED,
13954937326318,CJ7: Juguete del Espacio,UNCLASSIFIED,
13953827801838,Marquis,UNCLASSIFIED,
13954254179054,L.O.R.D.: Legend of Ravaging Dynasties,UNCLASSIFIED,
13857205062382,La máscara,UNCLASSIFIED,
13819192806126,Bartok el Magnífico,UNCLASSIFIED,
13820586298094,Anastasia,UNCLASSIFIED,
13806304037614,El Gigante de Hierro,UNCLASSIFIED,
13806212811502,DEFORM,UNCLASSIFIED,
13803450272494,Deformed Gecko,UNCLASSIFIED,
13800784595694,Las mil y una noches,UNCLASSIFIED,
13782552939246,Hells,UNCLASSIFIED,
13793933921006,El diario de Ana Frank,UNCLASSIFIED,
13675715103470,Baki Hanma,UNCLASSIFIED,
13658892995310,Kevin,UNCLASSIFIED,
13591769975534,Japón se hunde,UNCLASSIFIED,
13510044814062,Dragon Age Dawn of the Seeker,UNCLASSIFIED,
13512274479854,Sidra de pera y cigarrillos,UNCLASSIFIED,
13512955005678,Tower,UNCLASSIFIED,
13318451038958,Alita: Ángel de Combate,UNCLASSIFIED,
13315306162926,One Piece,UNCLASSIFIED,
13281766673134,Gutboy: A Badtime Story,UNCLASSIFIED,
13279171775214,Black is Beltza,UNCLASSIFIED,
13279485496046,Trese,UNCLASSIFIED,
13274843187950,El flautista de Hamelín,UNCLASSIFIED,
13275446840046,El club de los descartados,UNCLASSIFIED,
13161702361838,Ichi the Killer,UNCLASSIFIED,
13137487989486,Pequeños invasores,UNCLASSIFIED,
13136331279086,ichi the Killer: Episode 0,UNCLASSIFIED,
13110432893678,Memories,UNCLASSIFIED,
13046291696366,La Familia del Futuro,UNCLASSIFIED,
13013331610350,A Scanner Darkly,UNCLASSIFIED,
13014579284718,One Piece,UNCLASSIFIED,
13014305802990,Los Dinosaurios,UNCLASSIFIED,
13012943112942,Pale Cocoon,UNCLASSIFIED,
13011703892718,Daishizen no Majuu Bagi,UNCLASSIFIED,
12999395183342,Dragon Pink,UNCLASSIFIED,
12947198642926,Riding Bean,UNCLASSIFIED,
12730659834606,Chicken Little,UNCLASSIFIED,
12712779582190,El Primer Escuadrón,UNCLASSIFIED,
12599252421358,El Verano de Coo,UNCLASSIFIED,
12576836946670,Cutie Honey: Live Action,UNCLASSIFIED,
12587094837998,El Fantástico Sr. Zorro,UNCLASSIFIED,
12522105932526,El planeta del tesoro,UNCLASSIFIED,
12398087965422,La bella durmiente,UNCLASSIFIED,
12423579241198,Zombie Ship,UNCLASSIFIED,
12423485131502,Pastacolypse,UNCLASSIFIED,
12403799034606,Las Guerreras K-Pop,UNCLASSIFIED,
12382361422574,Peter Pan,UNCLASSIFIED,
12377445370606,Las Crónicas de Narnia,UNCLASSIFIED,
12358581816046,Justy: Policía del cosmos,UNCLASSIFIED,
12358090033902,Sin: The Movie,UNCLASSIFIED,
12335627373294,DIABOLI,UNCLASSIFIED,
12332152654574,Contaminemos,UNCLASSIFIED,
12329217690350,Isla de Perros,UNCLASSIFIED,
12306496752366,Samurái de ojos azules,UNCLASSIFIED,
12303461518062,La Ley de las Vegas,UNCLASSIFIED,
12302574684910,Capitán Harlock: Arcadia de mi juventud,UNCLASSIFIED,
12287719246574,El huevo del ángel,UNCLASSIFIED,
12287807064814,Firebreather,UNCLASSIFIED,
12279372516078,Space Firebird 2772,UNCLASSIFIED,
12266690841326,La Leyenda de Frankenstein,UNCLASSIFIED,
12189533145838,Thunderboys: Criatura del Espacio,UNCLASSIFIED,
12187817282286,Starchaser: La leyenda de Orin,UNCLASSIFIED,
12177174104814,La Cenicienta,UNCLASSIFIED,
12165548608238,Jin-Roh: The Wolf Brigade,UNCLASSIFIED,
12162205682414,The Prodigies,UNCLASSIFIED,
12163305900782,Cinderella the Cat,UNCLASSIFIED,
12141299436270,El imperio de cadáveres,UNCLASSIFIED,
12137774779118,Antz hormiguitaz,UNCLASSIFIED,
12129903643374,Spriggan,UNCLASSIFIED,
12136087816942,Vampire Wars,UNCLASSIFIED,
12071593904878,Titan A.E.,UNCLASSIFIED,
12070959123182,Le Big Bang,UNCLASSIFIED,
12051974392558,Goldblood,UNCLASSIFIED,
12044710578926,Súper Escuela de Héroes,UNCLASSIFIED,
12023850535662,El Gran Avatar Narsimha,UNCLASSIFIED,
12025690983150,Blood El Último Vampiro,UNCLASSIFIED,
12005368072942,Nimona,UNCLASSIFIED,
11981825706734,Rock & Rule,UNCLASSIFIED,
11967318395630,Monkeybone,UNCLASSIFIED,
11915005135598,Robots,UNCLASSIFIED,
11975934937838,Nueve,UNCLASSIFIED,
10073744411374,Los Tipos Malos 2,UNCLASSIFIED,
11916578196206,Sr. Link,UNCLASSIFIED,
11905450511086,Robin Hood,UNCLASSIFIED,
11891651119854,Zathura,UNCLASSIFIED,
11874782218990,Quién engañó a Roger Rabbit?,UNCLASSIFIED,
11846990367470,Goofy: La Película,UNCLASSIFIED,
11843491269358,Los Gatos no Bailan,UNCLASSIFIED,
11735928343278,Suerte,UNCLASSIFIED,
11727805156078,La Tostadora Valiente,UNCLASSIFIED,
11709127920366,Eneida,UNCLASSIFIED,
11047256001262,La Reina de Las Nieves,UNCLASSIFIED,
11690214951662,Nerdland,UNCLASSIFIED,
11689718581998,Godkiller,UNCLASSIFIED,
11672364583662,El Cristal Encantado,UNCLASSIFIED,
11673166613230,Betty Boop: Snow White,UNCLASSIFIED,
11666682415854,Órgano Genocida,UNCLASSIFIED,
11615869209326,Devil May Cry,UNCLASSIFIED,
11611549993710,Pinocho,UNCLASSIFIED,
11609487379182,Canción del Sur,UNCLASSIFIED,
11594815572718,The Five Star Stories,UNCLASSIFIED,
11594376481518,Iké Boys,UNCLASSIFIED,
11594083142382,El profeta,UNCLASSIFIED,
11573217200878,Bio Hunter,UNCLASSIFIED,
11496736033518,TRON: La Resistencia,UNCLASSIFIED,
11494536710894,Planeta 51,UNCLASSIFIED,
11480293509870,Goku Midnight Eye I & II,UNCLASSIFIED,
11492929243886,Wonderful Days,UNCLASSIFIED,
11478939798254,Blancanieves y los siete enanos,UNCLASSIFIED,
11461384735470,El caracol con zapatos,UNCLASSIFIED,
11458423491310,Afro Samurai,UNCLASSIFIED,
11459373042414,Gigantes de Acero,UNCLASSIFIED,
11460483156718,Dante's Inferno: La Película,UNCLASSIFIED,
11454321986286,Mobile Suit Gundam: Iron-Blooded Orphans,UNCLASSIFIED,
11457101957870,Mobile Suit Gundam: Iron-Blooded Orphans,UNCLASSIFIED,
11440739715822,Dinosaurio,UNCLASSIFIED,
11439374338798,Panji Tengkorak,UNCLASSIFIED,
11436518017774,Inmortal,UNCLASSIFIED,
11435622992622,Ai City,UNCLASSIFIED,
11424333957870,Mazinger Z Infinity,UNCLASSIFIED,
11433638759150,Evil Toons,UNCLASSIFIED,
11423781030638,AD Police Files,UNCLASSIFIED,
11421957950190,Mardock Scramble: The Second Combustion,UNCLASSIFIED,
11421132196590,Mardock Scramble: The First Compression,UNCLASSIFIED,
11418546342638,Joy Street,UNCLASSIFIED,
11414496742126,Cat City,UNCLASSIFIED,
11380344097518,Las Crónicas de Narnia,UNCLASSIFIED,
11348385794798,Las Guerreras Mágicas,UNCLASSIFIED,
11337793407726,Las Guerreras Mágicas,UNCLASSIFIED,
11337068579566,La carga más preciada,UNCLASSIFIED,
11330227145454,Spicy City,UNCLASSIFIED,
11335054920430,Mobile Suit Gundam III,UNCLASSIFIED,
11324869315310,Mobile Suit Gundam II,UNCLASSIFIED,
11317792869102,Mobile Suit Gundam I,UNCLASSIFIED,
11210444311278,Las Crónicas de Riddick: Dark Fury,UNCLASSIFIED,
11296695454446,Adieu Galaxy Express 999,UNCLASSIFIED,
11294894852846,Galaxy Express 999,UNCLASSIFIED,
11280802188014,Cyber City Oedo 808,UNCLASSIFIED,
11220684835566,Bubblegum Crisis Tokyo 2040,UNCLASSIFIED,
11207359007470,Pequeños Guerreros,UNCLASSIFIED,
11177566800622,Estados Unidos: La Película,UNCLASSIFIED,
11194651577070,Splinter Cell: Deathwatch,UNCLASSIFIED,
11193178327790,Hazbin Hotel: El hotel de las viejas glorias,UNCLASSIFIED,
11177380678382,Historias de Exorcismos,UNCLASSIFIED,
11177153006318,Entergalactic,UNCLASSIFIED,
11170956249838,Princesa Espacial Lesbiana,UNCLASSIFIED,
11161809914606,Hazbin Hotel,UNCLASSIFIED,
11161366629102,La Historia de Heidi,UNCLASSIFIED,
11150044302062,El Final de Evangelion,UNCLASSIFIED,
11123052317422,Evangelion,UNCLASSIFIED,
9947980696302,Wolfwalkers: Espíritu lobo,UNCLASSIFIED,
11102197451502,Sanatorium Under the Sign of the Hourglass,UNCLASSIFIED,
11101527935726,Río,UNCLASSIFIED,
11097385470702,¡Marcianos al Ataque!,UNCLASSIFIED,
11072371297006,The Night Boot,UNCLASSIFIED,
11057381706478,Isla Calavera,UNCLASSIFIED,
11088377613038,Kite,UNCLASSIFIED,
11041157548782,Golgo 13: The Professional,UNCLASSIFIED,
11077164862190,Wicked City,UNCLASSIFIED,
11047715015406,Royal Space Force,UNCLASSIFIED,
11048831879918,Dangaioh,UNCLASSIFIED,
11042262158062,Dragon Half,UNCLASSIFIED,
11033834752750,Street Fighter II: The Movie,UNCLASSIFIED,
11033024072430,La nueva noche de los muertos vivientes,UNCLASSIFIED,
11043091974894,Highschool of the Dead,UNCLASSIFIED,
11030160804590,Monster Hunter: Leyendas del Gremio,UNCLASSIFIED,
11010560297710,Samsón y Sally,UNCLASSIFIED,
11000276716270,La Tortuga Roja,UNCLASSIFIED,
10996122716910,El Puño de la Estrella del Norte,UNCLASSIFIED,
10990168050414,Poupelle of Chimney Town,UNCLASSIFIED,
10989105122030,Junk World,UNCLASSIFIED,
10980461775598,Las Aventuras de Pulgarcito y Pulgarcita,UNCLASSIFIED,
10920992180974,Starship Troopers: invasión,UNCLASSIFIED,
10907968998126,Bayonetta: Bloody Fate,UNCLASSIFIED,
10907471579886,Appleseed Ex Machina,UNCLASSIFIED,
10907313900270,Demon City Shinjuku,UNCLASSIFIED,
10905636178670,Jin-Roh: The Wolf Brigade,UNCLASSIFIED,
10906897615598,Appleseed,UNCLASSIFIED,
10874424920814,Appleseed Alpha,UNCLASSIFIED,
10808231463662,Cara de Sapo,UNCLASSIFIED,
10744328162030,Alexander Senki,UNCLASSIFIED,
10783708744430,Tripping The Rift,UNCLASSIFIED,
10781343550190,Los Fantasmas de Scrooge,UNCLASSIFIED,
10717499624174,Waking life,UNCLASSIFIED,
10744783178478,Arion,UNCLASSIFIED,
10717343582958,Le Portrait de Petit Cossette,UNCLASSIFIED,
10718935583470,La Tragedia del Hombre,UNCLASSIFIED,
10716227570414,The Last Fiction,UNCLASSIFIED,
10716578843374,Interface,UNCLASSIFIED,
10718776199918,Highlander: The Search for Vengeance,UNCLASSIFIED,
10718197517038,Escaflowne: La Película,UNCLASSIFIED,
10716497447662,Soy Frankelda,UNCLASSIFIED,
10703493008110,El Grinch: El Cuento Animado,UNCLASSIFIED,
10579558337262,El Hijo de la Yegua Blanca,UNCLASSIFIED,
10579431131886,Inu-oh,UNCLASSIFIED,
10628688644846,Colmillo Blanco,UNCLASSIFIED,
10641339976430,El brillante año nuevo de Rudolph,UNCLASSIFIED,
10618542230254,El Planeta Salvaje,UNCLASSIFIED,
10605677382382,Vampire Hunter D: Bloodlust,UNCLASSIFIED,
10605817367278,Gokicha!!,UNCLASSIFIED,
10579203918574,Short Peace,UNCLASSIFIED,
10604500355822,Twilight of the Cockroaches,UNCLASSIFIED,
10592644565742,Un Cielo de Plástico,UNCLASSIFIED,
10580737985262,Battle Royal High School,UNCLASSIFIED,
10590618389230,Bob Cuspe - No nos gusta la gente,UNCLASSIFIED,
10590965861102,El Pequeño Vampiro,UNCLASSIFIED,
10579222924014,Schirkoa: la Ciudad de las Mentiras,UNCLASSIFIED,
10579330992878,HALO Legends,UNCLASSIFIED,
10574604471022,Super Agente Cobra,UNCLASSIFIED,
10574558595822,Alien: Monday,UNCLASSIFIED,
10533622385390,El valiente Despereaux,UNCLASSIFIED,
10533507697390,Rosita Fresita: El cielo es el Límite,UNCLASSIFIED,
10515289475822,El Rey Ciervo,UNCLASSIFIED,
10509981911790,Nikté,UNCLASSIFIED,
10508790598382,Zoopocalipsis,UNCLASSIFIED,
10503333808878,Scott Pilgrim Contra el Mundo,UNCLASSIFIED,
10503521569518,En Sueños,UNCLASSIFIED,
10482083171054,Happy Tree Friends,UNCLASSIFIED,
10465305692910,La Familia del Futuro,UNCLASSIFIED,
10460845705966,Ánima Buenos Aires,UNCLASSIFIED,
10460090927854,Fixed,UNCLASSIFIED,
10460210989806,Las Guerreras K-Pop,UNCLASSIFIED,
10460021983982,Metegol,UNCLASSIFIED,
10452538624750,"Stubby, un héroe muy especial",UNCLASSIFIED,
10417214851822,El Cadáver de la Novia,UNCLASSIFIED,
10409873705710,Project A-Ko 04: Final,UNCLASSIFIED,
10409873640174,Project A-Ko 03:,UNCLASSIFIED,
10409873574638,Project A-Ko 02:,UNCLASSIFIED,
10410104261358,Project A-Ko,UNCLASSIFIED,
10397954542318,Metrópolis,UNCLASSIFIED,
10393999444718,BAOH,UNCLASSIFIED,
10393916541678,Earthian,UNCLASSIFIED,
10391005432558,Capitán Harlock,UNCLASSIFIED,
10392124001006,Cyber City Oedo 808,UNCLASSIFIED,
10385858038510,Ga'Hoole: la Leyenda de los Guardianes,UNCLASSIFIED,
10378982263534,Black Magic M-66,UNCLASSIFIED,
10376652458734,Windaria,UNCLASSIFIED,
10364828322542,Chirin no Suzu,UNCLASSIFIED,
10357892582126,Roujin Z,UNCLASSIFIED,
10356850559726,Fiesta Monstruo,UNCLASSIFIED,
10356687375086,Ana y Bruno,UNCLASSIFIED,
10351728134894,Lily C.A.T.,UNCLASSIFIED,
10346119367406,Princess,UNCLASSIFIED,
10345689909998,Juguetes en el Ático,UNCLASSIFIED,
10344341048046,El Niño y el Mundo,UNCLASSIFIED,
10344464714478,El Lienzo,UNCLASSIFIED,
10336864570094,Robot Carnival,UNCLASSIFIED,
10329191942894,La Doncella sin Manos,UNCLASSIFIED,
10328070556398,Norbert,UNCLASSIFIED,
10321089202926,Bratz: Rock Angelz,UNCLASSIFIED,
10321261759214,Technotise: Edit & I,UNCLASSIFIED,
10320793701102,Monster High: Embrujadas,UNCLASSIFIED,
10320785902318,She-Ra y las Princesas del Poder,UNCLASSIFIED,
10317634931438,Los Viajes de Gulliver,UNCLASSIFIED,
10313678064366,La Espada en la Piedra,UNCLASSIFIED,
10312826882798,Los Cuentos de la Noche,UNCLASSIFIED,
10293814102766,Even Pigeons Go to Heaven,UNCLASSIFIED,
10293953825518,Perdí mi Cuerpo,UNCLASSIFIED,
10293722221294,Una Vida Errante,UNCLASSIFIED,
10270653221614,La Cumbre de los Dioses,UNCLASSIFIED,
10270596664046,Benny's Bathtub,UNCLASSIFIED,
10270571170542,Marquis,UNCLASSIFIED,
10270482434798,Mi Vida a lo Grande,UNCLASSIFIED,
10264254417646,Terminator Zero,UNCLASSIFIED,
10263944891118,Un reino para todos nosotros,UNCLASSIFIED,
10263920642798,Metropia,UNCLASSIFIED,
10262625651438,Pokémon 7: El Destino de Deoxys,UNCLASSIFIED,
10262602648302,Monster High: Fusión Espeluznante,UNCLASSIFIED,
10262459583214,Renacimiento,UNCLASSIFIED,
10262459517678,"Ruben Brandt, el coleccionista",UNCLASSIFIED,
10238851549934,Silent Mobius +,UNCLASSIFIED,
10231779429102,Rikki-Tikki-Tavi,UNCLASSIFIED,
10230569831150,El vuelo de los dragones,UNCLASSIFIED,
10230876408558,"Kotick, la Foca Blanca",UNCLASSIFIED,
10214422874862,Brijes,UNCLASSIFIED,
10214016944878,Pokémon 5: Latios y Latias,UNCLASSIFIED,
10213891443438,Pokémon 6: Jirachi y los Deseos,UNCLASSIFIED,
10213846485742,"Pokémon 4: Celebi, la Voz del Bosque",UNCLASSIFIED,
10213961435886,She-Ra y las Princesas del Poder,UNCLASSIFIED,
10213932337902,Los Boxtrolls,UNCLASSIFIED,
10209764444910,Neo Tokyo,UNCLASSIFIED,
10210177845998,Memories,UNCLASSIFIED,
10209981565678,Pokémon 3: El Hechizo de los Unown,UNCLASSIFIED,
10207933893358,Pokémon 2: El poder de Uno,UNCLASSIFIED,
10209735346926,Pokémon: Mewtwo vs Mew,UNCLASSIFIED,
10209961904878,Hellsing Ultimate,UNCLASSIFIED,
10207571217134,Hellsing: The Dawn,UNCLASSIFIED,
10206843243246,Hellsing,UNCLASSIFIED,
10203350764270,Barbie™ La Princesa de las Perlas,UNCLASSIFIED,
10203217398510,Late Afternoon,UNCLASSIFIED,
10202708118254,Heavy Metal,UNCLASSIFIED,
10202356779758,La Llave Mágica,UNCLASSIFIED,
10197573372654,Castlevania,UNCLASSIFIED,
10197635959534,Castlevania,UNCLASSIFIED,
10194441669358,Castlevania,UNCLASSIFIED,
10194412178158,Castlevania,UNCLASSIFIED,
10194397563630,Shigurui: Death Frenzy,UNCLASSIFIED,
10194234313454,La Canción del Mar,UNCLASSIFIED,
10194246109934,X-1999,UNCLASSIFIED,
10187560979182,A Wind Named Amnesia,UNCLASSIFIED,
10187827120878,Jin-Roh: The Wolf Brigade,UNCLASSIFIED,
10187213900526,Tehran Taboo,UNCLASSIFIED,
10187179363054,Animal Behaviour,UNCLASSIFIED,
10183792462574,Blame!,UNCLASSIFIED,
10183811861230,Loving Vincent,UNCLASSIFIED,
10180396518126,Gen 13,UNCLASSIFIED,
10176479431406,A Scanner Darkly,UNCLASSIFIED,
10177029081838,Guerra de los Mundos: Goliath,UNCLASSIFIED,
10177004440302,El Samurái sin Nombre,UNCLASSIFIED,
10176308906734,Engañado,UNCLASSIFIED,
10176574393070,King of Thorn,UNCLASSIFIED,
10176540445422,Crónicas de Dalias,UNCLASSIFIED,
10173866773230,Klaus,UNCLASSIFIED,
10173528607470,El Libro de Lila,UNCLASSIFIED,
10170652101358,Blood Reign: La Maldición de los Yoma,UNCLASSIFIED,
10169886771950,Bubblegum Crash 2034,UNCLASSIFIED,
10169764285166,Bubblegum Crisis 2032,UNCLASSIFIED,
10170193480430,Mémorable,UNCLASSIFIED,
10167072459502,Un día más con vida,UNCLASSIFIED,
10166824798958,Armitage III Dual Matrix,UNCLASSIFIED,
10166851865326,Armitage III,UNCLASSIFIED,
10163692636910,"Martín Fierro, la película",UNCLASSIFIED,
10163668126446,Undone,UNCLASSIFIED,
10163692243694,Chico y Rita,UNCLASSIFIED,
10163799198446,Millennium Actress,UNCLASSIFIED,
10160435890926,"Monster High™ Sustos, Cámara, Acción",UNCLASSIFIED,
10160501885678,Barbie™ En una Aventura de Sirenas 2,UNCLASSIFIED,
10160726543086,"Justin, el Caballero Valiente",UNCLASSIFIED,
10157729123054,Dead Space: Perdición,UNCLASSIFIED,
10157507939054,Azur y Asmar,UNCLASSIFIED,
10157599951598,Ernie Biscuit,UNCLASSIFIED,
10157550930670,Aya de Yopougon,UNCLASSIFIED,
10157667912430,Piedras en los Bolsillos,UNCLASSIFIED,
10153381661422,Monster High™ 13 Deseos,UNCLASSIFIED,
10157677284078,Barbie™ y Las Tres Mosqueteras,UNCLASSIFIED,
10151270681326,Ne Zha,UNCLASSIFIED,
10146716257006,Las Fantasías de Pinocho,UNCLASSIFIED,
10147200174830,Príncipes y Princesas,UNCLASSIFIED,
10153497332462,Gantz:O,UNCLASSIFIED,
10151662717678,Gantz,UNCLASSIFIED,
10147471362798,The House,UNCLASSIFIED,
10147349072622,Violence Voyager,UNCLASSIFIED,
10146921908974,La Guerra y el Sueño de Momi,UNCLASSIFIED,
10144135580398,"Kérity, La Casa de los Cuentos",UNCLASSIFIED,
10143617583854,Fantasmagorias,UNCLASSIFIED,
10139166378734,El Huevo del Ángel,UNCLASSIFIED,
10133797866222,Wallace y Gromit: Un Asunto de Pan o Muerte,UNCLASSIFIED,
10133778336494,Wallace y Gromit: Un Esquilado Apurado,UNCLASSIFIED,
10133768571630,Wallace y Gromit: Los Pantalones Equivocados,UNCLASSIFIED,
10134121810670,"Monster High™ Scaris, Ciudad del Terror",UNCLASSIFIED,
10133999389422,Monster High™ Patinaje Terrorífico,UNCLASSIFIED,
10133761100526,Monster High™ Una Fiesta Tenebrosa,UNCLASSIFIED,
10133741439726,Wallace y Gromit: La Gran Excursión,UNCLASSIFIED,
10133737966318,Wallace & Gromit's Cracking Contraptions,UNCLASSIFIED,
10133714242286,Little From the Fish Shop,UNCLASSIFIED,
10134148811502,Casshern Sins,UNCLASSIFIED,
10131101977326,Osmosis Jones,UNCLASSIFIED,
10131112856302,Pos eso,UNCLASSIFIED,
10131101059822,Asura,UNCLASSIFIED,
10130930535150,My Sunny Maad,UNCLASSIFIED,
10131044502254,Pánico en la Granja,UNCLASSIFIED,
10131047451374,Omae Umasou da na,UNCLASSIFIED,
10130994301678,Dirty Duck,UNCLASSIFIED,
10130795268846,Monster High™ Escape de Playa Calavera,UNCLASSIFIED,
10130767940334,Monster High™ Amor Monstruoso,UNCLASSIFIED,
10130734320366,Monster High™ ¡Colmillos a Contrapelo!,UNCLASSIFIED,
10129857121006,Paprika,UNCLASSIFIED,
10128116943598,Noblesse,UNCLASSIFIED,
10127003093742,Æon Flux,UNCLASSIFIED,
10125246794478,Æon Flux,UNCLASSIFIED,
10125297715950,Abril y el Mundo Extraordinario,UNCLASSIFIED,
10125160418030,Mind Game,UNCLASSIFIED,
10124925405934,Allegro Non Troppo,UNCLASSIFIED,
10124877826798,Interstella 5555,UNCLASSIFIED,
10120347323118,Persépolis,UNCLASSIFIED,
10119542475502,Arrugas,UNCLASSIFIED,
10116989913838,Elfen Lied,UNCLASSIFIED,
10116869589742,Btooom!,UNCLASSIFIED,
10114062945006,Más Vampiros en La Habana,UNCLASSIFIED,
10113851329262,¡Vampiros en La Habana!,UNCLASSIFIED,
10114138770158,Coonskin,UNCLASSIFIED,
10113825901294,Un Cuento Americano,UNCLASSIFIED,
10113822493422,Una Ratoncita Valiente,UNCLASSIFIED,
10113929120494,Hey Good Lookin,UNCLASSIFIED,
10113964051182,Hair High,UNCLASSIFIED,
10106800048878,Rebelión en la Granja,UNCLASSIFIED,
10106734840558,Watership Down,UNCLASSIFIED,
10105717656302,Seder Masochism,UNCLASSIFIED,
10106243779310,The Fake,UNCLASSIFIED,
10105458330350,El Arca de Noé,UNCLASSIFIED,
10105707760366,Judas & Jesús,UNCLASSIFIED,
10100358908654,Vecinos Invasores,UNCLASSIFIED,
10103546841838,La Tumba de Drácula,UNCLASSIFIED,
10100415859438,Las Trillizas de Belleville,UNCLASSIFIED,
10100382960366,Nueve,UNCLASSIFIED,
10100338526958,Terkel en Problemas,UNCLASSIFIED,
10100414483182,Que Tengas un Buen Día,UNCLASSIFIED,
10100650412782,Claymore,UNCLASSIFIED,
10097437248238,El Gato del Rabino,UNCLASSIFIED,
10099872893678,Wendell y Wild,UNCLASSIFIED,
10100064520942,Kirikú y las Bestias Salvajes,UNCLASSIFIED,
10097421519598,Kirikú y la Hechicera,UNCLASSIFIED,
10097454942958,La Casa Lobo,UNCLASSIFIED,
10097462414062,Mary y Max,UNCLASSIFIED,
10097546758894,Fear of the Dark,UNCLASSIFIED,
10097405594350,ParaNorman,UNCLASSIFIED,
10097095477998,Superbeasto y el Mundo Embrujado,UNCLASSIFIED,
10094152059630,Perfect Blue,UNCLASSIFIED,
10094833634030,El Apóstol,UNCLASSIFIED,
10090602564334,Rio 2096: Una Historia de Amor y Furia,UNCLASSIFIED,
10090842622702,Deadman Wonderland,UNCLASSIFIED,
10091084253934,"Tygra, Fuego y Hielo",UNCLASSIFIED,
10090613181166,Me Casé con un Extraño,UNCLASSIFIED,
10089551891182,"Dick Figures, La Película",UNCLASSIFIED,
10036098173678,Los Aristogatos,UNCLASSIFIED,
10087581289198,En Nombre de la Tierra,UNCLASSIFIED,
10087484295918,La Columna Vertebral de la Noche,UNCLASSIFIED,
10087435602670,Té de Sangre y Hilo Rojo,UNCLASSIFIED,
10087443532526,Frank & Zed,UNCLASSIFIED,
10087485016814,Alice,UNCLASSIFIED,
10084616702702,Berserk - La Edad de Oro,UNCLASSIFIED,
10081837714158,Guy: Youma Kakusei,UNCLASSIFIED,
10081442794222,Genocyber,UNCLASSIFIED,
10081436306158,The Boys - Diábolico,UNCLASSIFIED,
10081480411886,Urotsukidoji II: La matriz del Demonio,UNCLASSIFIED,
10081163807470,Urotsukidoji: La Leyenda del Señor del Mal,UNCLASSIFIED,
10078716103406,Vampire Hunter D,UNCLASSIFIED,
10078448913134,Wizards,UNCLASSIFIED,
10053661821678,Dead Leaves,UNCLASSIFIED,
10077200059118,Heavy Metal 2,UNCLASSIFIED,
10042391202542,Todos los Perros van al Cielo 2,UNCLASSIFIED,
10074301663982,"Psiconautas, los Niños Olvidados",UNCLASSIFIED,
10074241633006,Marmaduke,UNCLASSIFIED,
10074039126766,La Serpiente Verde,UNCLASSIFIED,
10073832884974,Kaena: La Profecía,UNCLASSIFIED,
10071049964270,Los Tipos Malos,UNCLASSIFIED,
10067715230446,Final Fantasy,UNCLASSIFIED,
10067637832430,Chuck Steel,UNCLASSIFIED,
10064682748654,Los amos del tiempo,UNCLASSIFIED,
10064539749102,Idiotas y Ángeles,UNCLASSIFIED,
10064476703470,Abruptio,UNCLASSIFIED,
10066443635438,From Inside,UNCLASSIFIED,
10064519170798,Nova Seed,UNCLASSIFIED,
10064707914478,Lady Death,UNCLASSIFIED,
10063941339886,Heavy Traffic,UNCLASSIFIED,
10063855028974,American Pop,UNCLASSIFIED,
10060964498158,Cyberpunk Edgerunners,UNCLASSIFIED,
10059937614574,Ninja Scroll,UNCLASSIFIED,
10060123409134,Midori: La Niña de las Camelias,UNCLASSIFIED,
10059947772654,Las Mil y una Noches,UNCLASSIFIED,
10057847081710,Cleopatra,UNCLASSIFIED,
10057750743790,Frankenweenie,UNCLASSIFIED,
10057766800110,$9.99,UNCLASSIFIED,
10054083283694,Trava: Fist Planet,UNCLASSIFIED,
10054120770286,Pulgarcita,UNCLASSIFIED,
10054192859886,Dark Meat City Mutafukaz,UNCLASSIFIED,
10054217698030,Un gato en parís,UNCLASSIFIED,
10053656054510,Dumbo,UNCLASSIFIED,
10050972420846,Alita: Ángel de Combate,UNCLASSIFIED,
10050374666990,La Princesa y los Duendes,UNCLASSIFIED,
10049785760494,Kubo y la Búsqueda del Samurái,UNCLASSIFIED,
10048209029870,Redline,UNCLASSIFIED,
10047762533102,Las Aventuras de un Perro Valiente,UNCLASSIFIED,
10047783701230,La Tristeza de Belladonna,UNCLASSIFIED,
9970859903726,Alienígenas Mutantes,UNCLASSIFIED,
10045198437102,Astérix y Obélix,UNCLASSIFIED,
10044867807982,Super Charlie,UNCLASSIFIED,
10044821539566,Lifi: Una gallina Tocada del Ala,UNCLASSIFIED,
10044903131886,Metal Skin Panic MADOX-01,UNCLASSIFIED,
10036103416558,"Katak, la Pequeña Ballena",UNCLASSIFIED,
10036140182254,Patrick,UNCLASSIFIED,
10039659989742,"Amor, Muerte y Robots",UNCLASSIFIED,
10039459187438,"Amor, Muerte y Robots",UNCLASSIFIED,
10039439264494,"Amor, Muerte y Robots",UNCLASSIFIED,
10039415868142,"Amor, Muerte y Robots",UNCLASSIFIED,
10036158663406,La Dama y el Vagabundo,UNCLASSIFIED,
10036020775662,Oliver y su Pandilla,UNCLASSIFIED,
10035928828654,El Santos Vs. La Tetona Mendoza,UNCLASSIFIED,
10035489016558,Una Noche en una Ciudad,UNCLASSIFIED,
10032895167214,El Origen de los Guardianes,UNCLASSIFIED,
10032645212910,Matadrones,UNCLASSIFIED,
10028606884590,La Tienda de los Suicidas,UNCLASSIFIED,
10025694333678,Tarzán 3,UNCLASSIFIED,
10025878358766,Tarzán 2,UNCLASSIFIED,
10024926644974,Piratas: Una Loca Aventura,UNCLASSIFIED,
10024776174318,Epic: El Reino Secreto,UNCLASSIFIED,
10022824184558,Las nueve vidas de Fritz el gato,UNCLASSIFIED,
10022806948590,Hell and Back,UNCLASSIFIED,
10022751505134,El Ocaso de los Dioses,UNCLASSIFIED,
10022308678382,Mortadelo y Filemón,UNCLASSIFIED,
10022298585838,Fritz El Gato,UNCLASSIFIED,
10020006922990,La Revolución de Juan Escopeta,UNCLASSIFIED,
10019828402926,La Casa de los Dibujos,UNCLASSIFIED,
10019156134638,El Señor de los Anillos,UNCLASSIFIED,
10019275410158,Pocahontas 2,UNCLASSIFIED,
10018982988526,Astro Boy,UNCLASSIFIED,
10011083082478,Robot Salvaje,UNCLASSIFIED,
10015273650926,Ultraman: el Ascenso,UNCLASSIFIED,
10013011544814,Coraline,UNCLASSIFIED,
10010641500910,La Casa de los Sustos,UNCLASSIFIED,
10008233446126,La Historia de una Abeja,UNCLASSIFIED,
10007588506350,El Espanta Tiburones,UNCLASSIFIED,
10005816937198,Calamity,UNCLASSIFIED,
10005748321006,El techo del mundo,UNCLASSIFIED,
9955419163374,Turbo,UNCLASSIFIED,
9970842536686,Tarzoon: La Vergüenza de la Jungla,UNCLASSIFIED,
9970792008430,Free Jimmy,UNCLASSIFIED,
9971508906734,Barbie™ En una Aventura de Sirenas,UNCLASSIFIED,
9961502608110,Junk Head,UNCLASSIFIED,
9961396767470,Bernardo y Bianca,UNCLASSIFIED,
9958304713454,Los Súper Descendientes,UNCLASSIFIED,
9958449941230,Cuando el Viento Sopla,UNCLASSIFIED,
9958404983534,Barbie™ Una Navidad Perfecta,UNCLASSIFIED,
9958337809134,El Pan de la Guerra,UNCLASSIFIED,
9955544337134,La Familia Mitchell vs. Las Máquinas,UNCLASSIFIED,
9956218505966,Hasta tu Última Muerte,UNCLASSIFIED,
9955995880174,Robot 7723,UNCLASSIFIED,
9955899935470,Unicorn Wars,UNCLASSIFIED,
9955365292782,Sahara,UNCLASSIFIED,
9952445401838,Bolt: Un perro fuera de serie,UNCLASSIFIED,
9952318786286,Mavka: Guardiana del Bosque,UNCLASSIFIED,
9951892409070,Oink Oink,UNCLASSIFIED,
9951553325806,Monstruos vs. Aliens,UNCLASSIFIED,
9951506926318,"Khumba, La Cebra sin Rayas",UNCLASSIFIED,
9951264508654,El Gigante de Hierro,UNCLASSIFIED,
9947963656942,Ferdinand,UNCLASSIFIED,
9945529256686,Telma la Unicornio,UNCLASSIFIED,
9937357966062,El Zorro y el Sabueso,UNCLASSIFIED,
9934654081774,Padak,UNCLASSIFIED,
9932145625838,Alfa y Omega,UNCLASSIFIED,
9932141497070,Balto 3,UNCLASSIFIED,
9932084415214,Balto 2,UNCLASSIFIED,
9931381410542,Balto,UNCLASSIFIED,
9925323721454,Barbie™ y la Puerta Secreta,UNCLASSIFIED,
9923702295278,Barbie™ Mariposa y la Princesa de las Hadas,UNCLASSIFIED,
9906840472302,Spirit: El Corcel Indomable,UNCLASSIFIED,
9882380929774,Pie Pequeño 4: Viaje a Través de las Brumas,UNCLASSIFIED,
9882284460782,Pie Pequeño 3: El tiempo de la Gran Entrega,UNCLASSIFIED,
9874556914414,Pie Pequeño 2: la gran aventura,UNCLASSIFIED,
9874339662574,Pie Pequeño: En Busca del Valle Encantado,UNCLASSIFIED,
9874220518126,Caminando con Dinosaurios,UNCLASSIFIED,
9869143837422,Barbie™ Y Las Zapatillas Mágicas,UNCLASSIFIED,
9869128305390,Barbie™ La Princesa y la Estrella de Pop,UNCLASSIFIED,
9869067291374,Barbie™ El Secreto de las Hadas,UNCLASSIFIED,
9860253158126,"My Tyrano: Together, Forever",UNCLASSIFIED,
9860092791534,I Am T-Rex,UNCLASSIFIED,
9860034398958,Dino King: Viaje a la Montaña de Fuego,UNCLASSIFIED,
9860025027310,Dino King,UNCLASSIFIED,
9859709995758,Mad God,UNCLASSIFIED,
9851165936366,Barbie™ Escuela de Princesas,UNCLASSIFIED,
9849375165166,Barbie™ Moda Mágica en Paris,UNCLASSIFIED,
9849334074094,Barbie™ En un Cuento de Navidad,UNCLASSIFIED,
9823113448174,Ratatouille,UNCLASSIFIED,
9823247469294,Las Aventuras de Sammy,UNCLASSIFIED,
9822584769262,Barbie™ Mariposa,UNCLASSIFIED,
9820419459822,Barbie™ Fairytopia: La Magia del Arcoíris,UNCLASSIFIED,
9820385053422,Barbie™ Fairytopia: Mermaidia,UNCLASSIFIED,
9811901549294,Vacas Vaqueras,UNCLASSIFIED,
9794590018286,Barbie™ y el Castillo de Diamantes,UNCLASSIFIED,
9794575141614,Barbie™ como la Princesa de la Isla,UNCLASSIFIED,
9794536344302,Barbie™ y la Magia de Pegaso,UNCLASSIFIED,
9791373773550,Barbie™ y las 12 princesas bailarinas,UNCLASSIFIED,
9791122180846,Barbie™ Fairytopia,UNCLASSIFIED,
9790979508974,Barbie™ En la Princesa y la Plebeya,UNCLASSIFIED,
9788870167278,Barbie™ En el Lago de los Cisnes,UNCLASSIFIED,
9788870101742,Barbie™ Como Rapunzel,UNCLASSIFIED,
9788788837102,Barbie™ En el Cascanueces,UNCLASSIFIED,
9783482977006,Bad Cat,UNCLASSIFIED,
9767759186670,Minúsculos 2,UNCLASSIFIED,
9767758662382,Minúsculos,UNCLASSIFIED,
9761767492334,Peter Pan,UNCLASSIFIED,
9761679674094,Peter Pan 2: El Regreso al País de Nunca Jamás,UNCLASSIFIED,
9761657260782,Peter Pan,UNCLASSIFIED,
9758154361582,Tinker Bell y la Bestia de Nunca Jamás,UNCLASSIFIED,
9758147152622,Tinker Bell: Hadas y Piratas,UNCLASSIFIED,
9758139419374,Tinker Bell y el Secreto de las Hadas,UNCLASSIFIED,
9758136142574,Tinker Bell: Los Juegos de la Tierra de las Hadas,UNCLASSIFIED,
9758131292910,Tinker Bell: Hadas al rescate,UNCLASSIFIED,
9758120807150,Tinker Bell y El Tesoro Perdido,UNCLASSIFIED,
9758116416238,Tinker Bell,UNCLASSIFIED,
